Motif Name,Consensus,P-value,Log P-value,q-value (Benjamini),# of Target Sequences with Motif(of 59128),% of Target Sequences with Motif,# of Background Sequences with Motif(of 59632),% of Background Sequences with Motif
p63(p53)/Keratinocyte-p63-ChIP-Seq(GSE17611)/Homer,NNDRCATGYCYNRRCATGYH,1e-380,-8.77E+02,0,9088,15.37%,5891.6,9.88%
NF1-halfsite(CTF)/LNCaP-NF1-ChIP-Seq(Unpublished)/Homer,YTGCCAAG,1e-322,-7.43E+02,0,35869,60.68%,31506,52.83%
p73(p53)/Trachea-p73-ChIP-Seq(PRJNA310161)/Homer,NRRRCAWGTCCDGRCATGYY,1.00E-289,-6.68E+02,0,1837,3.11%,696.9,1.17%
NF1(CTF)/LNCAP-NF1-ChIP-Seq(Unpublished)/Homer,CYTGGCABNSTGCCAR,1.00E-250,-5.76E+02,0,11584,19.60%,8639.9,14.49%
p53(p53)/Saos-p53-ChIP-Seq(GSE15780)/Homer,RRCATGYCYRGRCATGYYYN,1.00E-246,-5.67E+02,0,2924,4.95%,1496.6,2.51%
p53(p53)/Saos-p53-ChIP-Seq/Homer,RRCATGYCYRGRCATGYYYN,1.00E-246,-5.67E+02,0,2924,4.95%,1496.6,2.51%
ERG(ETS)/VCaP-ERG-ChIP-Seq(GSE14097)/Homer,ACAGGAAGTG,1.00E-226,-5.22E+02,0,32650,55.24%,28995,48.62%
EWS:ERG-fusion(ETS)/CADO_ES1-EWS:ERG-ChIP-Seq(SRA014231)/Homer,ATTTCCTGTN,1.00E-214,-4.94E+02,0,17926,30.33%,14699,24.65%
ETV1(ETS)/GIST48-ETV1-ChIP-Seq(GSE22441)/Homer,AACCGGAAGT,1.00E-211,-4.88E+02,0,27635,46.75%,24110.1,40.43%
Etv2(ETS)/ES-ER71-ChIP-Seq(GSE59402)/Homer,NNAYTTCCTGHN,1.00E-210,-4.84E+02,0,21429,36.25%,18069.6,30.30%
Fli1(ETS)/CD8-FLI-ChIP-Seq(GSE20898)/Homer,NRYTTCCGGH,1.00E-193,-4.45E+02,0,22655,38.33%,19396.5,32.53%
ETS1(ETS)/Jurkat-ETS1-ChIP-Seq(GSE17954)/Homer,ACAGGAAGTG,1.00E-165,-3.80E+02,0,22380,37.86%,19387.9,32.51%
GABPA(ETS)/Jurkat-GABPa-ChIP-Seq(GSE17954)/Homer,RACCGGAAGT,1.00E-164,-3.80E+02,0,18999,32.14%,16126.6,27.04%
Tlx?(NR)/NPC-H3K4me1-ChIP-Seq(GSE16256)/Homer,CTGGCAGSCTGCCA,1.00E-158,-3.66E+02,0,11611,19.64%,9246.8,15.51%
TEAD3(TEA)/HepG2-TEAD3-ChIP-Seq(Encode)/Homer,TRCATTCCAG,1.00E-154,-3.55E+02,0,24188,40.92%,21260.9,35.65%
ETV4(ETS)/HepG2-ETV4-ChIP-Seq(ENCODE)/Homer,ACCGGAAGTG,1.00E-153,-3.53E+02,0,22346,37.80%,19468.5,32.65%
TEAD1(TEAD)/HepG2-TEAD1-ChIP-Seq(Encode)/Homer,CYRCATTCCA,1.00E-151,-3.48E+02,0,21709,36.73%,18870.8,31.65%
EWS:FLI1-fusion(ETS)/SK_N_MC-EWS:FLI1-ChIP-Seq(SRA014231)/Homer,VACAGGAAAT,1.00E-150,-3.47E+02,0,13001,21.99%,10590.8,17.76%
TEAD4(TEA)/Tropoblast-Tead4-ChIP-Seq(GSE37350)/Homer,CCWGGAATGY,1.00E-149,-3.44E+02,0,19135,32.37%,16399.1,27.50%
Ets1-distal(ETS)/CD4+-PolII-ChIP-Seq(Barski_et_al.)/Homer,MACAGGAAGT,1.00E-145,-3.36E+02,0,7806,13.21%,5902.5,9.90%
ELF3(ETS)/PDAC-ELF3-ChIP-Seq(GSE64557)/Homer,ANCAGGAAGT,1.00E-141,-3.26E+02,0,17199,29.10%,14620.8,24.52%
EHF(ETS)/LoVo-EHF-ChIP-Seq(GSE49402)/Homer,AVCAGGAAGT,1.00E-141,-3.25E+02,0,27326,46.23%,24494.9,41.08%
Sox2(HMG)/mES-Sox2-ChIP-Seq(GSE11431)/Homer,BCCATTGTTC,1.00E-140,-3.23E+02,0,18382,31.10%,15764.8,26.44%
TEAD(TEA)/Fibroblast-PU.1-ChIP-Seq(Unpublished)/Homer,YCWGGAATGY,1.00E-139,-3.21E+02,0,16061,27.17%,13560.7,22.74%
Fos(bZIP)/TSC-Fos-ChIP-Seq(GSE110950)/Homer,NDATGASTCAYN,1.00E-136,-3.14E+02,0,12158,20.57%,9926.8,16.65%
HIC1(Zf)/Treg-ZBTB29-ChIP-Seq(GSE99889)/Homer,TGCCAGCB,1.00E-135,-3.12E+02,0,36665,62.03%,33993.1,57.00%
Fra1(bZIP)/BT549-Fra1-ChIP-Seq(GSE46166)/Homer,NNATGASTCATH,1.00E-130,-3.01E+02,0,11587,19.60%,9442.6,15.83%
Elf4(ETS)/BMDM-Elf4-ChIP-Seq(GSE88699)/Homer,ACTTCCKGKT,1.00E-130,-3.00E+02,0,21530,36.42%,18910.2,31.71%
AP-2gamma(AP2)/MCF7-TFAP2C-ChIP-Seq(GSE21234)/Homer,SCCTSAGGSCAW,1.00E-129,-2.99E+02,0,24121,40.81%,21451.3,35.97%
Atf3(bZIP)/GBM-ATF3-ChIP-Seq(GSE33912)/Homer,DATGASTCATHN,1.00E-127,-2.93E+02,0,13364,22.61%,11125.6,18.66%
Fra2(bZIP)/Striatum-Fra2-ChIP-Seq(GSE43429)/Homer,GGATGACTCATC,1.00E-126,-2.92E+02,0,10123,17.13%,8125.4,13.63%
BATF(bZIP)/Th17-BATF-ChIP-Seq(GSE39756)/Homer,DATGASTCAT,1.00E-126,-2.91E+02,0,13107,22.17%,10894.5,18.27%
AP-1(bZIP)/ThioMac-PU.1-ChIP-Seq(GSE21512)/Homer,VTGACTCATC,1.00E-126,-2.91E+02,0,14833,25.09%,12519.7,20.99%
JunB(bZIP)/DendriticCells-Junb-ChIP-Seq(GSE36099)/Homer,RATGASTCAT,1.00E-124,-2.86E+02,0,11392,19.27%,9315.3,15.62%
Sox21(HMG)/ESC-SOX21-ChIP-Seq(GSE110505)/Homer,BCCWTTGTBYKV,1.00E-122,-2.82E+02,0,30905,52.28%,28288.4,47.44%
Jun-AP1(bZIP)/K562-cJun-ChIP-Seq(GSE31477)/Homer,GATGASTCATCN,1.00E-118,-2.72E+02,0,5212,8.82%,3795.3,6.36%
Sox3(HMG)/NPC-Sox3-ChIP-Seq(GSE33059)/Homer,CCWTTGTY,1.00E-117,-2.70E+02,0,30877,52.24%,28322.4,47.50%
Fosl2(bZIP)/3T3L1-Fosl2-ChIP-Seq(GSE56872)/Homer,NATGASTCABNN,1.00E-116,-2.67E+02,0,7156,12.11%,5518.3,9.25%
Sox6(HMG)/Myotubes-Sox6-ChIP-Seq(GSE32627)/Homer,CCATTGTTNY,1.00E-113,-2.60E+02,0,29007,49.07%,26496.1,44.43%
Sox15(HMG)/CPA-Sox15-ChIP-Seq(GSE62909)/Homer,RAACAATGGN,1.00E-112,-2.59E+02,0,21549,36.46%,19123.7,32.07%
Sox4(HMG)/proB-Sox4-ChIP-Seq(GSE50066)/Homer,YCTTTGTTCC,1.00E-111,-2.56E+02,0,17651,29.86%,15359.3,25.76%
Sox10(HMG)/SciaticNerve-Sox3-ChIP-Seq(GSE35132)/Homer,CCWTTGTYYB,1.00E-109,-2.51E+02,0,29330,49.62%,26870,45.06%
Foxo1(Forkhead)/RAW-Foxo1-ChIP-Seq(Fan_et_al.)/Homer,CTGTTTAC,1.00E-106,-2.46E+02,0,33556,56.77%,31162.2,52.26%
ZNF711(Zf)/SHSY5Y-ZNF711-ChIP-Seq(GSE20673)/Homer,AGGCCTAG,1.00E-106,-2.45E+02,0,32691,55.31%,30292.7,50.80%
Sox9(HMG)/Limb-SOX9-ChIP-Seq(GSE73225)/Homer,AGGVNCCTTTGT,1.00E-105,-2.43E+02,0,18712,31.66%,16447.8,27.58%
AP-2alpha(AP2)/Hela-AP2alpha-ChIP-Seq(GSE31477)/Homer,ATGCCCTGAGGC,1.00E-103,-2.39E+02,0,19739,33.39%,17464,29.29%
ZFX(Zf)/mES-Zfx-ChIP-Seq(GSE11431)/Homer,AGGCCTRG,1.00E-103,-2.39E+02,0,28000,47.37%,25607.1,42.94%
STAT4(Stat)/CD4-Stat4-ChIP-Seq(GSE22104)/Homer,NYTTCCWGGAAR,1.00E-99,-2.29E+02,0,21495,36.36%,19225.6,32.24%
Bcl6(Zf)/Liver-Bcl6-ChIP-Seq(GSE31578)/Homer,NNNCTTTCCAGGAAA,1.00E-97,-2.24E+02,0,29517,49.94%,27208.8,45.63%
ZNF416(Zf)/HEK293-ZNF416.GFP-ChIP-Seq(GSE58341)/Homer,WDNCTGGGCA,1.00E-94,-2.17E+02,0,28492,48.20%,26222.2,43.97%
TEAD2(TEA)/Py2T-Tead2-ChIP-Seq(GSE55709)/Homer,CCWGGAATGY,1.00E-92,-2.14E+02,0,12342,20.88%,10493.1,17.60%
Stat3+il21(Stat)/CD4-Stat3-ChIP-Seq(GSE19198)/Homer,SVYTTCCNGGAARB,1.00E-90,-2.09E+02,0,16380,27.71%,14367.5,24.09%
SPDEF(ETS)/VCaP-SPDEF-ChIP-Seq(SRA014231)/Homer,ASWTCCTGBT,1.00E-88,-2.04E+02,0,21250,35.95%,19123.3,32.07%
RUNX1(Runt)/Jurkat-RUNX1-ChIP-Seq(GSE29180)/Homer,AAACCACARM,1.00E-88,-2.03E+02,0,20999,35.53%,18882.9,31.67%
Sox17(HMG)/Endoderm-Sox17-ChIP-Seq(GSE61475)/Homer,CCATTGTTYB,1.00E-87,-2.01E+02,0,14820,25.07%,12911.6,21.65%
ELF5(ETS)/T47D-ELF5-ChIP-Seq(GSE30407)/Homer,ACVAGGAAGT,1.00E-86,-2.00E+02,0,16425,27.79%,14455.1,24.24%
Smad3(MAD)/NPC-Smad3-ChIP-Seq(GSE36673)/Homer,TWGTCTGV,1.00E-84,-1.94E+02,0,42889,72.56%,41077.2,68.88%
Mef2b(MADS)/HEK293-Mef2b.V5-ChIP-Seq(GSE67450)/Homer,GCTATTTTTGGM,1.00E-80,-1.85E+02,0,17246,29.18%,15328.2,25.70%
PU.1-IRF(ETS:IRF)/Bcell-PU.1-ChIP-Seq(GSE21512)/Homer,MGGAAGTGAAAC,1.00E-79,-1.82E+02,0,27120,45.88%,25065.1,42.03%
PU.1(ETS)/ThioMac-PU.1-ChIP-Seq(GSE21512)/Homer,AGAGGAAGTG,1.00E-78,-1.81E+02,0,11776,19.92%,10108.2,16.95%
Rfx6(HTH)/Min6b1-Rfx6.HA-ChIP-Seq(GSE62844)/Homer,TGTTKCCTAGCAACM,1.00E-76,-1.76E+02,0,21908,37.06%,19939.2,33.44%
AR-halfsite(NR)/LNCaP-AR-ChIP-Seq(GSE27824)/Homer,CCAGGAACAG,1.00E-74,-1.72E+02,0,49488,83.72%,48191.4,80.81%
RUNX(Runt)/HPC7-Runx1-ChIP-Seq(GSE22178)/Homer,SAAACCACAG,1.00E-67,-1.56E+02,0,14744,24.94%,13075.8,21.93%
Stat3(Stat)/mES-Stat3-ChIP-Seq(GSE11431)/Homer,CTTCCGGGAA,1.00E-67,-1.55E+02,0,11736,19.85%,10200.5,17.11%
Tcfcp2l1(CP2)/mES-Tcfcp2l1-ChIP-Seq(GSE11431)/Homer,NRAACCRGTTYRAACCRGYT,1.00E-67,-1.55E+02,0,3305,5.59%,2444.6,4.10%
Bach2(bZIP)/OCILy7-Bach2-ChIP-Seq(GSE44420)/Homer,TGCTGAGTCA,1.00E-66,-1.52E+02,0,4396,7.44%,3410.4,5.72%
EBF1(EBF)/Near-E2A-ChIP-Seq(GSE21512)/Homer,GTCCCCWGGGGA,1.00E-65,-1.51E+02,0,25183,42.60%,23343.5,39.15%
PR(NR)/T47D-PR-ChIP-Seq(GSE31130)/Homer,VAGRACAKNCTGTBC,1.00E-65,-1.50E+02,0,36210,61.26%,34465.1,57.80%
Smad2(MAD)/ES-SMAD2-ChIP-Seq(GSE29422)/Homer,CTGTCTGG,1.00E-65,-1.50E+02,0,27499,46.52%,25660.9,43.03%
RUNX2(Runt)/PCa-RUNX2-ChIP-Seq(GSE33889)/Homer,NWAACCACADNN,1.00E-64,-1.49E+02,0,16907,28.60%,15211.1,25.51%
Mef2c(MADS)/GM12878-Mef2c-ChIP-Seq(GSE32465)/Homer,DCYAAAAATAGM,1.00E-63,-1.47E+02,0,9691,16.39%,8307.2,13.93%
RUNX-AML(Runt)/CD4+-PolII-ChIP-Seq(Barski_et_al.)/Homer,GCTGTGGTTW,1.00E-63,-1.46E+02,0,15063,25.48%,13444.3,22.55%
Elk4(ETS)/Hela-Elk4-ChIP-Seq(GSE31477)/Homer,NRYTTCCGGY,1.00E-61,-1.41E+02,0,9951,16.83%,8580.5,14.39%
Rbpj1(?)/Panc1-Rbpj1-ChIP-Seq(GSE47459)/Homer,HTTTCCCASG,1.00E-60,-1.40E+02,0,29922,50.62%,28164.5,47.23%
LEF1(HMG)/H1-LEF1-ChIP-Seq(GSE64758)/Homer,CCTTTGATST,1.00E-60,-1.40E+02,0,14529,24.58%,12963.8,21.74%
Elk1(ETS)/Hela-Elk1-ChIP-Seq(GSE31477)/Homer,HACTTCCGGY,1.00E-59,-1.37E+02,0,10067,17.03%,8712,14.61%
FOXK1(Forkhead)/HEK293-FOXK1-ChIP-Seq(GSE51673)/Homer,NVWTGTTTAC,1.00E-58,-1.35E+02,0,19764,33.44%,18097.2,30.35%
Smad4(MAD)/ESC-SMAD4-ChIP-Seq(GSE29422)/Homer,VBSYGTCTGG,1.00E-58,-1.34E+02,0,27667,46.81%,25945.6,43.51%
FOXK2(Forkhead)/U2OS-FOXK2-ChIP-Seq(E-MTAB-2204)/Homer,SCHTGTTTACAT,1.00E-56,-1.29E+02,0,13242,22.40%,11787.2,19.77%
Pitx1(Homeobox)/Chicken-Pitx1-ChIP-Seq(GSE38910)/Homer,TAATCCCN,1.00E-54,-1.26E+02,0,51202,86.62%,50288.6,84.33%
Egr1(Zf)/K562-Egr1-ChIP-Seq(GSE32465)/Homer,TGCGTGGGYG,1.00E-54,-1.26E+02,0,12988,21.97%,11563.4,19.39%
Erra(NR)/HepG2-Erra-ChIP-Seq(GSE31477)/Homer,CAAAGGTCAG,1.00E-54,-1.26E+02,0,36378,61.54%,34819,58.39%
NFE2L2(bZIP)/HepG2-NFE2L2-ChIP-Seq(Encode)/Homer,AWWWTGCTGAGTCAT,1.00E-53,-1.23E+02,0,1216,2.06%,763.1,1.28%
FoxD3(forkhead)/ZebrafishEmbryo-Foxd3.biotin-ChIP-seq(GSE106676)/Homer,TGTTTAYTTAGC,1.00E-53,-1.23E+02,0,16934,28.65%,15409.8,25.84%
NF-E2(bZIP)/K562-NFE2-ChIP-Seq(GSE31477)/Homer,GATGACTCAGCA,1.00E-53,-1.22E+02,0,1388,2.35%,902.6,1.51%
Lhx3(Homeobox)/Neuron-Lhx3-ChIP-Seq(GSE31456)/Homer,ADBTAATTAR,1.00E-53,-1.22E+02,0,28863,48.83%,27234.7,45.67%
IRF1(IRF)/PBMC-IRF1-ChIP-Seq(GSE43036)/Homer,GAAAGTGAAAGT,1.00E-52,-1.22E+02,0,3538,5.99%,2745.6,4.60%
Foxo3(Forkhead)/U2OS-Foxo3-ChIP-Seq(E-MTAB-2701)/Homer,DGTAAACA,1.00E-51,-1.20E+02,0,14502,24.53%,13065,21.91%
Lhx1(Homeobox)/EmbryoCarcinoma-Lhx1-ChIP-Seq(GSE70957)/Homer,NNYTAATTAR,1.00E-51,-1.19E+02,0,21668,36.66%,20087.2,33.69%
IRF3(IRF)/BMDM-Irf3-ChIP-Seq(GSE67343)/Homer,AGTTTCAKTTTC,1.00E-51,-1.18E+02,0,7654,12.95%,6532.1,10.95%
"Fox:Ebox(Forkhead,bHLH)/Panc1-Foxa2-ChIP-Seq(GSE47459)/Homer",NNNVCTGWGYAAACASN,1.00E-51,-1.18E+02,0,19211,32.50%,17673.3,29.64%
THRb(NR)/Liver-NR1A2-ChIP-Seq(GSE52613)/Homer,TRAGGTCA,1.00E-50,-1.17E+02,0,50173,84.88%,49238.6,82.57%
Sox7(HMG)/ESC-Sox7-ChIP-Seq(GSE133899)/Homer,VVRRAACAATGG,1.00E-50,-1.15E+02,0,6557,11.09%,5522.8,9.26%
IRF2(IRF)/Erythroblas-IRF2-ChIP-Seq(GSE36985)/Homer,GAAASYGAAASY,1.00E-49,-1.15E+02,0,2503,4.23%,1855.5,3.11%
Foxf1(Forkhead)/Lung-Foxf1-ChIP-Seq(GSE77951)/Homer,WWATRTAAACAN,1.00E-48,-1.13E+02,0,17296,29.26%,15833.3,26.55%
Tgif2(Homeobox)/mES-Tgif2-ChIP-Seq(GSE55404)/Homer,TGTCANYT,1.00E-47,-1.10E+02,0,46013,77.84%,44894.3,75.29%
Mef2d(MADS)/Retina-Mef2d-ChIP-Seq(GSE61391)/Homer,GCTATTTTTAGC,1.00E-47,-1.10E+02,0,4478,7.58%,3633.7,6.09%
RARa(NR)/K562-RARa-ChIP-Seq(Encode)/Homer,TTGAMCTTTG,1.00E-47,-1.09E+02,0,42268,71.51%,41001.8,68.76%
DLX1(Homeobox)/BasalGanglia-Dlx1-ChIP-seq(GSE124936)/Homer,NSNNTAATTA,1.00E-47,-1.09E+02,0,24809,41.97%,23286.3,39.05%
IRF4(IRF)/GM12878-IRF4-ChIP-Seq(GSE32465)/Homer,ACTGAAACCA,1.00E-46,-1.07E+02,0,9170,15.51%,8023.7,13.46%
EBF2(EBF)/BrownAdipose-EBF2-ChIP-Seq(GSE97114)/Homer,NABTCCCWDGGGAVH,1.00E-46,-1.07E+02,0,22305,37.73%,20813.9,34.90%
En1(Homeobox)/SUM149-EN1-ChIP-Seq(GSE120957)/Homer,NDCTAATTAS,1.00E-46,-1.06E+02,0,31224,52.82%,29742.2,49.88%
ELF1(ETS)/Jurkat-ELF1-ChIP-Seq(SRA014231)/Homer,AVCCGGAAGT,1.00E-46,-1.06E+02,0,9388,15.88%,8235,13.81%
Hoxd13(Homeobox)/ChickenMSG-Hoxd13.Flag-ChIP-Seq(GSE86088)/Homer,NCYAATAAAA,1.00E-45,-1.05E+02,0,28609,48.40%,27121,45.48%
DLX2(Homeobox)/BasalGanglia-Dlx2-ChIP-seq(GSE124936)/Homer,NNNTAATTAS,1.00E-45,-1.05E+02,0,27230,46.07%,25738.1,43.16%
Hoxa11(Homeobox)/ChickenMSG-Hoxa11.Flag-ChIP-Seq(GSE86088)/Homer,TTTTATGGCM,1.00E-44,-1.03E+02,0,36821,62.29%,35452.6,59.45%
FOXP1(Forkhead)/H9-FOXP1-ChIP-Seq(GSE31006)/Homer,NYYTGTTTACHN,1.00E-44,-1.03E+02,0,8715,14.74%,7616.8,12.77%
LHX9(Homeobox)/Hct116-LHX9.V5-ChIP-Seq(GSE116822)/Homer,NGCTAATTAG,1.00E-43,-1.01E+02,0,25933,43.87%,24470,41.03%
MITF(bHLH)/MastCells-MITF-ChIP-Seq(GSE48085)/Homer,RTCATGTGAC,1.00E-43,-9.99E+01,0,16456,27.84%,15105.2,25.33%
Nkx6.1(Homeobox)/Islet-Nkx6.1-ChIP-Seq(GSE40975)/Homer,GKTAATGR,1.00E-43,-9.98E+01,0,38394,64.95%,37091.5,62.20%
Rfx1(HTH)/NPC-H3K4me1-ChIP-Seq(GSE16256)/Homer,KGTTGCCATGGCAA,1.00E-43,-9.92E+01,0,4490,7.60%,3685.4,6.18%
Bach1(bZIP)/K562-Bach1-ChIP-Seq(GSE31477)/Homer,AWWNTGCTGAGTCAT,1.00E-42,-9.70E+01,0,1255,2.12%,841.7,1.41%
Lhx2(Homeobox)/HFSC-Lhx2-ChIP-Seq(GSE48068)/Homer,TAATTAGN,1.00E-42,-9.67E+01,0,20446,34.59%,19054.2,31.95%
IRF8(IRF)/BMDM-IRF8-ChIP-Seq(GSE77884)/Homer,GRAASTGAAAST,1.00E-41,-9.66E+01,0,7467,12.63%,6468.6,10.85%
WT1(Zf)/Kidney-WT1-ChIP-Seq(GSE90016)/Homer,MCTCCCMCRCAB,1.00E-41,-9.46E+01,0,12943,21.90%,11723.7,19.66%
Hoxd11(Homeobox)/ChickenMSG-Hoxd11.Flag-ChIP-Seq(GSE86088)/Homer,VGCCATAAAA,1.00E-40,-9.40E+01,0,38120,64.49%,36861.6,61.81%
FoxL2(Forkhead)/Ovary-FoxL2-ChIP-Seq(GSE60858)/Homer,WWTRTAAACAVG,1.00E-40,-9.37E+01,0,16065,27.18%,14770.6,24.77%
"RXR(NR),DR1/3T3L1-RXR-ChIP-Seq(GSE13511)/Homer",TAGGGCAAAGGTCA,1.00E-40,-9.34E+01,0,24550,41.53%,23157.3,38.83%
CHR(?)/Hela-CellCycle-Expression/Homer,SRGTTTCAAA,1.00E-40,-9.34E+01,0,13785,23.32%,12549.9,21.05%
Dlx3(Homeobox)/Kerainocytes-Dlx3-ChIP-Seq(GSE89884)/Homer,NDGTAATTAC,1.00E-40,-9.33E+01,0,14118,23.88%,12873.9,21.59%
Nrf2(bZIP)/Lymphoblast-Nrf2-ChIP-Seq(GSE37589)/Homer,HTGCTGAGTCAT,1.00E-40,-9.32E+01,0,1105,1.87%,726.8,1.22%
DLX5(Homeobox)/BasalGanglia-Dlx5-ChIP-seq(GSE124936)/Homer,SSTAATTA,1.00E-40,-9.31E+01,0,15895,26.89%,14608.3,24.50%
Mef2a(MADS)/HL1-Mef2a.biotin-ChIP-Seq(GSE21529)/Homer,CYAAAAATAG,1.00E-40,-9.22E+01,0,9340,15.80%,8272.3,13.87%
Hoxa13(Homeobox)/ChickenMSG-Hoxa13.Flag-ChIP-Seq(GSE86088)/Homer,CYHATAAAAN,1.00E-39,-9.20E+01,0,38506,65.14%,37275,62.51%
CRX(Homeobox)/Retina-Crx-ChIP-Seq(GSE20012)/Homer,GCTAATCC,1.00E-39,-9.17E+01,0,36268,61.36%,34990,58.68%
Nkx3.1(Homeobox)/LNCaP-Nkx3.1-ChIP-Seq(GSE28264)/Homer,AAGCACTTAA,1.00E-39,-9.14E+01,0,36600,61.92%,35331.3,59.25%
PRDM15(Zf)/ESC-Prdm15-ChIP-Seq(GSE73694)/Homer,YCCDNTCCAGGTTTT,1.00E-39,-9.13E+01,0,21754,36.80%,20395.8,34.20%
STAT1(Stat)/HelaS3-STAT1-ChIP-Seq(GSE12782)/Homer,NATTTCCNGGAAAT,1.00E-38,-8.98E+01,0,7263,12.29%,6313.9,10.59%
PRDM1(Zf)/Hela-PRDM1-ChIP-Seq(GSE31477)/Homer,ACTTTCACTTTC,1.00E-38,-8.94E+01,0,12444,21.05%,11277.4,18.91%
ISRE(IRF)/ThioMac-LPS-Expression(GSE23622)/Homer,AGTTTCASTTTC,1.00E-38,-8.94E+01,0,1598,2.70%,1144.1,1.92%
"PPARE(NR),DR1/3T3L1-Pparg-ChIP-Seq(GSE13511)/Homer",TGACCTTTGCCCCA,1.00E-38,-8.90E+01,0,21252,35.95%,19917.3,33.40%
Hoxd10(Homeobox)/ChickenMSG-Hoxd10.Flag-ChIP-Seq(GSE86088)/Homer,GGCMATGAAA,1.00E-38,-8.88E+01,0,22515,38.09%,21172.7,35.51%
Bcl11a(Zf)/HSPC-BCL11A-ChIP-Seq(GSE104676)/Homer,TYTGACCASWRG,1.00E-38,-8.84E+01,0,15864,26.84%,14615.3,24.51%
STAT5(Stat)/mCD4+-Stat5-ChIP-Seq(GSE12346)/Homer,RTTTCTNAGAAA,1.00E-38,-8.82E+01,0,8319,14.07%,7323.1,12.28%
HOXB13(Homeobox)/ProstateTumor-HOXB13-ChIP-Seq(GSE56288)/Homer,TTTTATKRGG,1.00E-38,-8.81E+01,0,20196,34.17%,18880.9,31.66%
Hand2(bHLH)/Mesoderm-Hand2-ChIP-Seq(GSE61475)/Homer,TGACANARRCCAGRC,1.00E-38,-8.75E+01,0,11374,19.24%,10256.5,17.20%
Ap4(bHLH)/AML-Tfap4-ChIP-Seq(GSE45738)/Homer,NAHCAGCTGD,1.00E-37,-8.66E+01,0,24353,41.20%,23022.9,38.61%
FOXA1(Forkhead)/LNCAP-FOXA1-ChIP-Seq(GSE27824)/Homer,WAAGTAAACA,1.00E-36,-8.47E+01,0,21663,36.65%,20363.2,34.15%
NFkB-p65(RHD)/GM12787-p65-ChIP-Seq(GSE19485)/Homer,WGGGGATTTCCC,1.00E-36,-8.38E+01,0,12716,21.51%,11583,19.42%
"PPARa(NR),DR1/Liver-Ppara-ChIP-Seq(GSE47954)/Homer",VNAGGKCAAAGGTCA,1.00E-35,-8.25E+01,0,22570,38.18%,21284.8,35.69%
SCL(bHLH)/HPC7-Scl-ChIP-Seq(GSE13511)/Homer,AVCAGCTG,1.00E-35,-8.20E+01,0,52080,88.11%,51504.2,86.37%
"bZIP:IRF(bZIP,IRF)/Th17-BatF-ChIP-Seq(GSE39756)/Homer",NAGTTTCABTHTGACTNW,1.00E-35,-8.12E+01,0,9283,15.70%,8288,13.90%
TATA-Box(TBP)/Promoter/Homer,CCTTTTAWAGSC,1.00E-35,-8.08E+01,0,24709,41.80%,23432.8,39.30%
Six2(Homeobox)/NephronProgenitor-Six2-ChIP-Seq(GSE39837)/Homer,GWAAYHTGAKMC,1.00E-34,-8.00E+01,0,18584,31.44%,17359.2,29.11%
ETS(ETS)/Promoter/Homer,AACCGGAAGT,1.00E-34,-7.84E+01,0,6031,10.20%,5215.2,8.75%
Tgif1(Homeobox)/mES-Tgif1-ChIP-Seq(GSE55404)/Homer,YTGWCADY,1.00E-33,-7.83E+01,0,43739,74.00%,42785.4,71.75%
FOXM1(Forkhead)/MCF7-FOXM1-ChIP-Seq(GSE72977)/Homer,TRTTTACTTW,1.00E-33,-7.81E+01,0,19125,32.35%,17910.5,30.03%
NFIL3(bZIP)/HepG2-NFIL3-ChIP-Seq(Encode)/Homer,VTTACGTAAYNNNNN,1.00E-33,-7.80E+01,0,11636,19.69%,10578.9,17.74%
CEBP(bZIP)/ThioMac-CEBPb-ChIP-Seq(GSE21512)/Homer,ATTGCGCAAC,1.00E-33,-7.74E+01,0,12646,21.39%,11563.6,19.39%
BMAL1(bHLH)/Liver-Bmal1-ChIP-Seq(GSE39860)/Homer,GNCACGTG,1.00E-33,-7.73E+01,0,28566,48.33%,27331.4,45.83%
Bapx1(Homeobox)/VertebralCol-Bapx1-ChIP-Seq(GSE36672)/Homer,TTRAGTGSYK,1.00E-33,-7.71E+01,0,34257,57.95%,33082.8,55.48%
"Pax8(Paired,Homeobox)/Thyroid-Pax8-ChIP-Seq(GSE26938)/Homer",GTCATGCHTGRCTGS,1.00E-33,-7.71E+01,0,7547,12.77%,6657.8,11.16%
GSC(Homeobox)/FrogEmbryos-GSC-ChIP-Seq(DRA000576)/Homer,RGGATTAR,1.00E-32,-7.56E+01,0,20675,34.98%,19467.5,32.65%
Zac1(Zf)/Neuro2A-Plagl1-ChIP-Seq(GSE75942)/Homer,HAWGRGGCCM,1.00E-32,-7.52E+01,0,42210,71.41%,41234.7,69.15%
FOXA1(Forkhead)/MCF7-FOXA1-ChIP-Seq(GSE26831)/Homer,WAAGTAAACA,1.00E-32,-7.48E+01,0,18351,31.05%,17176,28.80%
Atf7(bZIP)/3T3L1-Atf7-ChIP-Seq(GSE56872)/Homer,NGRTGACGTCAY,1.00E-31,-7.36E+01,0,8175,13.83%,7278.4,12.21%
MafK(bZIP)/C2C12-MafK-ChIP-Seq(GSE36030)/Homer,GCTGASTCAGCA,1.00E-31,-7.31E+01,0,4472,7.57%,3785.7,6.35%
X-box(HTH)/NPC-H3K4me1-ChIP-Seq(GSE16256)/Homer,GGTTGCCATGGCAA,1.00E-31,-7.26E+01,0,2472,4.18%,1958,3.28%
Rfx5(HTH)/GM12878-Rfx5-ChIP-Seq(GSE31477)/Homer,SCCTAGCAACAG,1.00E-31,-7.17E+01,0,6283,10.63%,5491.5,9.21%
Foxa2(Forkhead)/Liver-Foxa2-ChIP-Seq(GSE25694)/Homer,CYTGTTTACWYW,1.00E-31,-7.15E+01,0,15344,25.96%,14247.6,23.89%
Tcf3(HMG)/mES-Tcf3-ChIP-Seq(GSE11724)/Homer,ASWTCAAAGG,1.00E-31,-7.14E+01,0,5708,9.66%,4950,8.30%
Zfp809(Zf)/ES-Zfp809-ChIP-Seq(GSE70799)/Homer,GGGGCTYGKCTGGGA,1.00E-30,-7.12E+01,0,5802,9.82%,5040.9,8.45%
Tcf21(bHLH)/ArterySmoothMuscle-Tcf21-ChIP-Seq(GSE61369)/Homer,NAACAGCTGG,1.00E-30,-7.04E+01,0,20102,34.01%,18949.5,31.78%
ZNF189(Zf)/HEK293-ZNF189.GFP-ChIP-Seq(GSE58341)/Homer,TGGAACAGMA,1.00E-30,-7.03E+01,0,17511,29.62%,16389.5,27.48%
Isl1(Homeobox)/Neuron-Isl1-ChIP-Seq(GSE31456)/Homer,CTAATKGV,1.00E-29,-6.90E+01,0,32249,54.56%,31131.2,52.21%
Tcf7(HMG)/GM12878-TCF7-ChIP-Seq(Encode)/Homer,CTTTGATGTGSB,1.00E-29,-6.72E+01,0,7143,12.08%,6335.7,10.62%
Egr2(Zf)/Thymocytes-Egr2-ChIP-Seq(GSE34254)/Homer,NGCGTGGGCGGR,1.00E-28,-6.59E+01,0,3112,5.26%,2564.7,4.30%
NPAS(bHLH)/Liver-NPAS-ChIP-Seq(GSE39860)/Homer,NVCACGTG,1.00E-28,-6.52E+01,0,25566,43.25%,24446.3,41.00%
HLF(bZIP)/HSC-HLF.Flag-ChIP-Seq(GSE69817)/Homer,RTTATGYAAB,1.00E-28,-6.51E+01,0,15157,25.64%,14121.9,23.68%
MafA(bZIP)/Islet-MafA-ChIP-Seq(GSE30298)/Homer,TGCTGACTCA,1.00E-28,-6.48E+01,0,15623,26.43%,14581.1,24.45%
PU.1:IRF8(ETS:IRF)/pDC-Irf8-ChIP-Seq(GSE66899)/Homer,GGAAGTGAAAST,1.00E-28,-6.48E+01,0,4767,8.06%,4103.3,6.88%
Rfx2(HTH)/LoVo-RFX2-ChIP-Seq(GSE49402)/Homer,GTTGCCATGGCAACM,1.00E-28,-6.47E+01,0,1921,3.25%,1494.7,2.51%
GRHL2(CP2)/HBE-GRHL2-ChIP-Seq(GSE46194)/Homer,AAACYKGTTWDACMRGTTTB,1.00E-28,-6.46E+01,0,7374,12.48%,6573.5,11.02%
Gfi1b(Zf)/HPC7-Gfi1b-ChIP-Seq(GSE22178)/Homer,MAATCACTGC,1.00E-27,-6.40E+01,0,12916,21.85%,11937.5,20.02%
RFX(HTH)/K562-RFX3-ChIP-Seq(SRA012198)/Homer,CGGTTGCCATGGCAAC,1.00E-27,-6.35E+01,0,1646,2.78%,1255.5,2.11%
TCFL2(HMG)/K562-TCF7L2-ChIP-Seq(GSE29196)/Homer,ACWTCAAAGG,1.00E-27,-6.35E+01,0,1764,2.98%,1359.1,2.28%
STAT6(Stat)/Macrophage-Stat6-ChIP-Seq(GSE38377)/Homer,TTCCKNAGAA,1.00E-27,-6.31E+01,0,12894,21.81%,11923.5,20.00%
Nanog(Homeobox)/mES-Nanog-ChIP-Seq(GSE11724)/Homer,RGCCATTAAC,1.00E-27,-6.29E+01,0,51002,86.28%,50502.5,84.69%
p53(p53)/mES-cMyc-ChIP-Seq(GSE11431)/Homer,ACATGCCCGGGCAT,1.00E-26,-6.21E+01,0,571,0.97%,353.4,0.59%
NFkB-p65-Rel(RHD)/ThioMac-LPS-Expression(GSE23622)/Homer,GGAAATTCCC,1.00E-26,-6.10E+01,0,1661,2.81%,1276.2,2.14%
CDX4(Homeobox)/ZebrafishEmbryos-Cdx4.Myc-ChIP-Seq(GSE48254)/Homer,NGYCATAAAWCH,1.00E-26,-6.09E+01,0,16883,28.56%,15861,26.60%
"NF1:FOXA1(CTF,Forkhead)/LNCAP-FOXA1-ChIP-Seq(GSE27824)/Homer",WNTGTTTRYTTTGGCA,1.00E-26,-6.07E+01,0,1344,2.27%,1000.1,1.68%
Unknown(Homeobox)/Limb-p300-ChIP-Seq/Homer,SSCMATWAAA,1.00E-26,-6.06E+01,0,13177,22.29%,12223,20.50%
STAT6(Stat)/CD4-Stat6-ChIP-Seq(GSE22104)/Homer,ABTTCYYRRGAA,1.00E-24,-5.73E+01,0,12744,21.56%,11829.3,19.84%
Nkx2.1(Homeobox)/LungAC-Nkx2.1-ChIP-Seq(GSE43252)/Homer,RSCACTYRAG,1.00E-24,-5.71E+01,0,42145,71.30%,41350.8,69.34%
NFAT(RHD)/Jurkat-NFATC1-ChIP-Seq(Jolma_et_al.)/Homer,ATTTTCCATT,1.00E-24,-5.69E+01,0,19184,32.45%,18177.3,30.48%
Atoh1(bHLH)/Cerebellum-Atoh1-ChIP-Seq(GSE22111)/Homer,VNRVCAGCTGGY,1.00E-24,-5.69E+01,0,22593,38.22%,21567.2,36.17%
CREB5(bZIP)/LNCaP-CREB5.V5-ChIP-Seq(GSE137775)/Homer,VVATGACGTCAT,1.00E-24,-5.69E+01,0,7063,11.95%,6329.6,10.61%
Otx2(Homeobox)/EpiLC-Otx2-ChIP-Seq(GSE56098)/Homer,NYTAATCCYB,1.00E-24,-5.66E+01,0,14877,25.17%,13927.4,23.36%
RORa(NR)/Liver-Rora-ChIP-Seq(GSE101115)/Homer,AAWCTAGGTCARDNN,1.00E-24,-5.60E+01,0,3242,5.48%,2728.6,4.58%
Hoxa9(Homeobox)/ChickenMSG-Hoxa9.Flag-ChIP-Seq(GSE86088)/Homer,RGCAATNAAA,1.00E-24,-5.60E+01,0,40601,68.69%,39778.3,66.71%
Atf1(bZIP)/K562-ATF1-ChIP-Seq(GSE31477)/Homer,GATGACGTCA,1.00E-24,-5.57E+01,0,11553,19.54%,10680.5,17.91%
PGR(NR)/EndoStromal-PGR-ChIP-Seq(GSE69539)/Homer,AAGAACATWHTGTTC,1.00E-24,-5.53E+01,0,4829,8.17%,4215.2,7.07%
COUP-TFII(NR)/Artia-Nr2f2-ChIP-Seq(GSE46497)/Homer,AGRGGTCA,1.00E-23,-5.44E+01,0,29514,49.93%,28534.1,47.85%
Foxh1(Forkhead)/hESC-FOXH1-ChIP-Seq(GSE29422)/Homer,NNTGTGGATTSS,1.00E-23,-5.38E+01,0,12237,20.70%,11366,19.06%
TCF4(bHLH)/SHSY5Y-TCF4-ChIP-Seq(GSE96915)/Homer,SMCATCTGKH,1.00E-23,-5.35E+01,0,28934,48.95%,27961.5,46.89%
BMYB(HTH)/Hela-BMYB-ChIP-Seq(GSE27030)/Homer,NHAACBGYYV,1.00E-23,-5.30E+01,0,25466,43.08%,24484.9,41.06%
MYB(HTH)/ERMYB-Myb-ChIPSeq(GSE22095)/Homer,GGCVGTTR,1.00E-22,-5.30E+01,0,28385,48.02%,27415.5,45.97%
Nkx2.5(Homeobox)/HL1-Nkx2.5.biotin-ChIP-Seq(GSE21529)/Homer,RRSCACTYAA,1.00E-22,-5.30E+01,0,36346,61.49%,35469.3,59.48%
Eomes(T-box)/H9-Eomes-ChIP-Seq(GSE26097)/Homer,ATTAACACCT,1.00E-22,-5.27E+01,0,35781,60.53%,34898.2,58.52%
ZNF341(Zf)/EBV-ZNF341-ChIP-Seq(GSE113194)/Homer,GGAACAGCCG,1.00E-22,-5.25E+01,0,14389,24.34%,13488.1,22.62%
NeuroD1(bHLH)/Islet-NeuroD1-ChIP-Seq(GSE30298)/Homer,GCCATCTGTT,1.00E-22,-5.13E+01,0,17916,30.31%,16981.6,28.48%
Olig2(bHLH)/Neuron-Olig2-ChIP-Seq(GSE30882)/Homer,RCCATMTGTT,1.00E-22,-5.13E+01,0,33978,57.48%,33084.6,55.48%
"RBPJ:Ebox(?,bHLH)/Panc1-Rbpj1-ChIP-Seq(GSE47459)/Homer",GGGRAARRGRMCAGMTG,1.00E-21,-5.05E+01,0,8734,14.78%,7987.5,13.39%
THRb(NR)/HepG2-THRb.Flag-ChIP-Seq(Encode)/Homer,GGTCACCTGAGGTCA,1.00E-21,-4.86E+01,0,12980,21.96%,12144.6,20.37%
Max(bHLH)/K562-Max-ChIP-Seq(GSE31477)/Homer,RCCACGTGGYYN,1.00E-20,-4.82E+01,0,11730,19.84%,10924.4,18.32%
BHLHA15(bHLH)/NIH3T3-BHLHB8.HA-ChIP-Seq(GSE119782)/Homer,NAMCAGCTGK,1.00E-20,-4.73E+01,0,27035,45.74%,26128.3,43.82%
EAR2(NR)/K562-NR2F6-ChIP-Seq(Encode)/Homer,NRBCARRGGTCA,1.00E-20,-4.71E+01,0,24543,41.52%,23632.7,39.63%
Meis1(Homeobox)/MastCells-Meis1-ChIP-Seq(GSE48085)/Homer,VGCTGWCAVB,1.00E-19,-4.60E+01,0,28710,48.57%,27829.3,46.67%
HRE(HSF)/Striatum-HSF1-ChIP-Seq(GSE38000)/Homer,TTCTAGAABNTTCTA,1.00E-19,-4.55E+01,0,5208,8.81%,4637.1,7.78%
MafB(bZIP)/BMM-Mafb-ChIP-Seq(GSE75722)/Homer,WNTGCTGASTCAGCANWTTY,1.00E-19,-4.53E+01,0,7935,13.42%,7258.8,12.17%
PRDM10(Zf)/HEK293-PRDM10.eGFP-ChIP-Seq(Encode)/Homer,TGGTACATTCCA,1.00E-19,-4.48E+01,0,13605,23.02%,12798.9,21.46%
ZNF322(Zf)/HEK293-ZNF322.GFP-ChIP-Seq(GSE58341)/Homer,GAGCCTGGTACTGWGCCTGR,1.00E-19,-4.46E+01,0,7305,12.36%,6655.9,11.16%
"ETS:RUNX(ETS,Runt)/Jurkat-RUNX1-ChIP-Seq(GSE17954)/Homer",RCAGGATGTGGT,1.00E-19,-4.46E+01,0,2175,3.68%,1799.4,3.02%
TRPS1(Zf)/MCF7-TRPS1-ChIP-Seq(GSE107013)/Homer,AGATAAGANN,1.00E-19,-4.41E+01,0,32387,54.79%,31566.6,52.94%
NeuroG2(bHLH)/Fibroblast-NeuroG2-ChIP-Seq(GSE75910)/Homer,ACCATCTGTT,1.00E-19,-4.40E+01,0,29081,49.20%,28230.1,47.34%
CArG(MADS)/PUER-Srf-ChIP-Seq(Sullivan_et_al.)/Homer,CCATATATGGNM,1.00E-18,-4.32E+01,0,6688,11.31%,6072.3,10.18%
Hoxd12(Homeobox)/ChickenMSG-Hoxd12.Flag-ChIP-Seq(GSE86088)/Homer,HDGYAATGAAAN,1.00E-18,-4.32E+01,0,30572,51.72%,29744.4,49.88%
Usf2(bHLH)/C2C12-Usf2-ChIP-Seq(GSE36030)/Homer,GTCACGTGGT,1.00E-18,-4.30E+01,0,5226,8.84%,4672.7,7.84%
THRa(NR)/C17.2-THRa-ChIP-Seq(GSE38347)/Homer,GGTCANYTGAGGWCA,1.00E-18,-4.22E+01,0,9606,16.25%,8908.4,14.94%
MyoG(bHLH)/C2C12-MyoG-ChIP-Seq(GSE36024)/Homer,AACAGCTG,1.00E-18,-4.22E+01,0,21325,36.08%,20479.2,34.34%
c-Jun-CRE(bZIP)/K562-cJun-ChIP-Seq(GSE31477)/Homer,ATGACGTCATCY,1.00E-18,-4.22E+01,0,5424,9.18%,4867.2,8.16%
Nkx2.2(Homeobox)/NPC-Nkx2.2-ChIP-Seq(GSE61673)/Homer,BTBRAGTGSN,1.00E-18,-4.20E+01,0,33190,56.15%,32406.6,54.34%
Atf2(bZIP)/3T3L1-Atf2-ChIP-Seq(GSE56872)/Homer,NRRTGACGTCAT,1.00E-18,-4.20E+01,0,5741,9.71%,5172.8,8.67%
Hoxa10(Homeobox)/ChickenMSG-Hoxa10.Flag-ChIP-Seq(GSE86088)/Homer,GGYAATGAAA,1.00E-18,-4.19E+01,0,12321,20.84%,11567.1,19.40%
RORg(NR)/Liver-Rorc-ChIP-Seq(GSE101115)/Homer,WAABTAGGTCAV,1.00E-17,-4.14E+01,0,2059,3.48%,1707.3,2.86%
Tbr1(T-box)/Cortex-Tbr1-ChIP-Seq(GSE71384)/Homer,AAGGTGTKAA,1.00E-17,-4.10E+01,0,25304,42.81%,24475,41.04%
Foxa3(Forkhead)/Liver-Foxa3-ChIP-Seq(GSE77670)/Homer,BSNTGTTTACWYWGN,1.00E-17,-4.05E+01,0,6574,11.12%,5984.4,10.04%
ARE(NR)/LNCAP-AR-ChIP-Seq(GSE27824)/Homer,RGRACASNSTGTYCYB,1.00E-17,-4.05E+01,0,5300,8.97%,4762,7.99%
AMYB(HTH)/Testes-AMYB-ChIP-Seq(GSE44588)/Homer,TGGCAGTTGG,1.00E-17,-4.00E+01,0,25921,43.85%,25107,42.10%
MyoD(bHLH)/Myotube-MyoD-ChIP-Seq(GSE21614)/Homer,RRCAGCTGYTSY,1.00E-17,-3.99E+01,0,15978,27.03%,15196.7,25.48%
COUP-TFII(NR)/K562-NR2F1-ChIP-Seq(Encode)/Homer,GKBCARAGGTCA,1.00E-17,-3.96E+01,0,26399,44.66%,25592.5,42.92%
Gata4(Zf)/Heart-Gata4-ChIP-Seq(GSE35151)/Homer,NBWGATAAGR,1.00E-16,-3.89E+01,0,18671,31.59%,17879,29.98%
SpiB(ETS)/OCILY3-SPIB-ChIP-Seq(GSE56857)/Homer,AAAGRGGAAGTG,1.00E-16,-3.87E+01,0,5486,9.28%,4953.4,8.31%
PSE(SNAPc)/K562-mStart-Seq/Homer,WAVTCACCMTAASYDAAAAG,1.00E-16,-3.81E+01,0,10290,17.41%,9617.4,16.13%
c-Myc(bHLH)/mES-cMyc-ChIP-Seq(GSE11431)/Homer,VVCCACGTGG,1.00E-16,-3.76E+01,0,9282,15.70%,8638.5,14.49%
MNT(bHLH)/HepG2-MNT-ChIP-Seq(Encode)/Homer,DGCACACGTG,1.00E-16,-3.73E+01,0,17551,29.69%,16788.5,28.15%
Nr5a2(NR)/mES-Nr5a2-ChIP-Seq(GSE19019)/Homer,BTCAAGGTCA,1.00E-16,-3.72E+01,0,11101,18.78%,10422.3,17.48%
NPAS2(bHLH)/Liver-NPAS2-ChIP-Seq(GSE39860)/Homer,KCCACGTGAC,1.00E-15,-3.67E+01,0,19142,32.38%,18378,30.82%
Zic(Zf)/Cerebellum-ZIC1.2-ChIP-Seq(GSE60731)/Homer,CCTGCTGAGH,1.00E-15,-3.59E+01,0,16605,28.09%,15867,26.61%
"Pitx1:Ebox(Homeobox,bHLH)/Hindlimb-Pitx1-ChIP-Seq(GSE41591)/Homer",YTAATTRAWWCCAGATGT,1.00E-15,-3.58E+01,0,4271,7.23%,3813.8,6.40%
RORgt(NR)/EL4-RORgt.Flag-ChIP-Seq(GSE56019)/Homer,AAYTAGGTCA,1.00E-15,-3.56E+01,0,2794,4.73%,2418,4.05%
RORgt(NR)/EL4-RORgt.Flag-ChIP-Seq(GSE56019)/Homer,AAYTAGGTCA,1.00E-15,-3.56E+01,0,2794,4.73%,2418,4.05%
Tbx5(T-box)/HL1-Tbx5.biotin-ChIP-Seq(GSE21529)/Homer,AGGTGTCA,1.00E-15,-3.48E+01,0,45297,76.63%,44858.7,75.23%
n-Myc(bHLH)/mES-nMyc-ChIP-Seq(GSE11431)/Homer,VRCCACGTGG,1.00E-14,-3.44E+01,0,12100,20.47%,11435.3,19.18%
Pdx1(Homeobox)/Islet-Pdx1-ChIP-Seq(SRA008281)/Homer,YCATYAATCA,1.00E-14,-3.38E+01,0,18191,30.77%,17471.2,29.30%
CTCF(Zf)/CD4+-CTCF-ChIP-Seq(Barski_et_al.)/Homer,AYAGTGCCMYCTRGTGGCCA,1.00E-14,-3.35E+01,0,2698,4.56%,2340.3,3.92%
Tcf12(bHLH)/GM12878-Tcf12-ChIP-Seq(GSE32465)/Homer,VCAGCTGYTG,1.00E-14,-3.34E+01,0,19955,33.76%,19233.5,32.25%
"GRE(NR),IR3/RAW264.7-GRE-ChIP-Seq(Unpublished)/Homer",VAGRACAKWCTGTYC,1.00E-14,-3.32E+01,0,4712,7.97%,4254.9,7.14%
Six1(Homeobox)/Myoblast-Six1-ChIP-Chip(GSE20150)/Homer,GKVTCADRTTWC,1.00E-14,-3.27E+01,0,4903,8.29%,4441.9,7.45%
KLF14(Zf)/HEK293-KLF14.GFP-ChIP-Seq(GSE58341)/Homer,RGKGGGCGKGGC,1.00E-14,-3.24E+01,0,26911,45.53%,26213.5,43.96%
Nr5a2(NR)/Pancreas-LRH1-ChIP-Seq(GSE34295)/Homer,BTCAAGGTCA,1.00E-13,-3.20E+01,0,14418,24.39%,13752.1,23.06%
ZNF7(Zf)/HepG2-ZNF7.Flag-ChIP-Seq(Encode)/Homer,CTGCCWVCTTTTRTA,1.00E-13,-3.18E+01,0,10874,18.40%,10260.6,17.21%
Twist2(bHLH)/Myoblast-Twist2.Ty1-ChIP-Seq(GSE127998)/Homer,MCAGCTGBYH,1.00E-13,-3.18E+01,0,31333,53.01%,30679.5,51.45%
IRF:BATF(IRF:bZIP)/pDC-Irf8-ChIP-Seq(GSE66899)/Homer,CTTTCANTATGACTV,1.00E-13,-3.17E+01,0,2716,4.59%,2368.7,3.97%
"GRE(NR),IR3/A549-GR-ChIP-Seq(GSE32465)/Homer",NRGVACABNVTGTYCY,1.00E-13,-3.13E+01,0,2687,4.55%,2343.8,3.93%
Unknown-ESC-element(?)/mES-Nanog-ChIP-Seq(GSE11724)/Homer,CACAGCAGGGGG,1.00E-13,-3.05E+01,0,13882,23.49%,13242.6,22.21%
Hoxc9(Homeobox)/Ainv15-Hoxc9-ChIP-Seq(GSE21812)/Homer,GGCCATAAATCA,1.00E-13,-3.05E+01,0,10157,17.18%,9572.6,16.05%
Barx1(Homeobox)/Stomach-Barx1.3xFlag-ChIP-Seq(GSE69483)/Homer,AAACMATTAN,1.00E-13,-3.00E+01,0,10100,17.09%,9522.3,15.97%
"HNF4a(NR),DR1/HepG2-HNF4a-ChIP-Seq(GSE25021)/Homer",CARRGKBCAAAGTYCA,1.00E-12,-2.98E+01,0,10243,17.33%,9664.3,16.21%
JunD(bZIP)/K562-JunD-ChIP-Seq/Homer,ATGACGTCATCN,1.00E-12,-2.95E+01,0,1379,2.33%,1138.9,1.91%
CEBP:AP1(bZIP)/ThioMac-CEBPb-ChIP-Seq(GSE21512)/Homer,DRTGTTGCAA,1.00E-12,-2.94E+01,0,14117,23.88%,13490.3,22.62%
GATA3(Zf)/iTreg-Gata3-ChIP-Seq(GSE20898)/Homer,AGATAASR,1.00E-12,-2.93E+01,0,25825,43.69%,25172.8,42.21%
KLF6(Zf)/PDAC-KLF6-ChIP-Seq(GSE64557)/Homer,MKGGGYGTGGCC,1.00E-12,-2.90E+01,0,18513,31.32%,17861.4,29.95%
MYNN(Zf)/HEK293-MYNN.eGFP-ChIP-Seq(Encode)/Homer,TTCAAAWTAAAAGTC,1.00E-12,-2.86E+01,0,5496,9.30%,5048.6,8.47%
Myf5(bHLH)/GM-Myf5-ChIP-Seq(GSE24852)/Homer,BAACAGCTGT,1.00E-12,-2.85E+01,0,14471,24.48%,13853.4,23.23%
USF1(bHLH)/GM12878-Usf1-ChIP-Seq(GSE32465)/Homer,SGTCACGTGR,1.00E-11,-2.75E+01,0,7671,12.98%,7172.5,12.03%
Gata6(Zf)/HUG1N-GATA6-ChIP-Seq(GSE51936)/Homer,YCTTATCTBN,1.00E-11,-2.72E+01,0,17140,29.00%,16522.4,27.71%
Cdx2(Homeobox)/mES-Cdx2-ChIP-Seq(GSE14586)/Homer,GYMATAAAAH,1.00E-11,-2.69E+01,0,13387,22.65%,12802.8,21.47%
SF1(NR)/H295R-Nr5a1-ChIP-Seq(GSE44220)/Homer,CAAGGHCANV,1.00E-11,-2.68E+01,0,9464,16.01%,8936.5,14.99%
HRE(HSF)/HepG2-HSF1-ChIP-Seq(GSE31477)/Homer,BSTTCTRGAABVTTCYAGAA,1.00E-11,-2.67E+01,0,3523,5.96%,3167.6,5.31%
Brachyury(T-box)/Mesoendoderm-Brachyury-ChIP-exo(GSE54963)/Homer,ANTTMRCASBNNNGTGYKAAN,1.00E-11,-2.66E+01,0,5196,8.79%,4776.3,8.01%
GLIS3(Zf)/Thyroid-Glis3.GFP-ChIP-Seq(GSE103297)/Homer,CTCCCTGGGAGGCCN,1.00E-11,-2.66E+01,0,26942,45.58%,26340.1,44.17%
Ascl1(bHLH)/NeuralTubes-Ascl1-ChIP-Seq(GSE55840)/Homer,NNVVCAGCTGBN,1.00E-11,-2.63E+01,0,29448,49.82%,28868.9,48.41%
ZNF652/HepG2-ZNF652.Flag-ChIP-Seq(Encode)/Homer,TTAACCCTTTVNKKN,1.00E-11,-2.62E+01,0,5267,8.91%,4849.4,8.13%
Zic3(Zf)/mES-Zic3-ChIP-Seq(GSE37889)/Homer,GGCCYCCTGCTGDGH,1.00E-11,-2.59E+01,0,13632,23.06%,13059,21.90%
ZNF467(Zf)/HEK293-ZNF467.GFP-ChIP-Seq(GSE58341)/Homer,TGGGGAAGGGCM,1.00E-11,-2.58E+01,0,18953,32.06%,18351.8,30.77%
Znf263(Zf)/K562-Znf263-ChIP-Seq(GSE31477)/Homer,CVGTSCTCCC,1.00E-11,-2.57E+01,0,32802,55.49%,32265.2,54.11%
Chop(bZIP)/MEF-Chop-ChIP-Seq(GSE35681)/Homer,ATTGCATCAT,1.00E-11,-2.55E+01,0,4286,7.25%,3908.6,6.55%
Gata2(Zf)/K562-GATA2-ChIP-Seq(GSE18829)/Homer,BBCTTATCTS,1.00E-11,-2.55E+01,0,12532,21.20%,11976.2,20.08%
KLF5(Zf)/LoVo-KLF5-ChIP-Seq(GSE49402)/Homer,DGGGYGKGGC,1.00E-10,-2.48E+01,0,21434,36.26%,20846.1,34.96%
BORIS(Zf)/K562-CTCFL-ChIP-Seq(GSE32465)/Homer,CNNBRGCGCCCCCTGSTGGC,1.00E-10,-2.44E+01,0,4131,6.99%,3769.5,6.32%
PBX2(Homeobox)/K562-PBX2-ChIP-Seq(Encode)/Homer,RTGATTKATRGN,1.00E-10,-2.42E+01,0,15105,25.55%,14545.4,24.39%
"FXR(NR),IR1/Liver-FXR-ChIP-Seq(Chong_et_al.)/Homer",AGGTCANTGACCTB,1.00E-10,-2.38E+01,0,8800,14.89%,8322.5,13.96%
HIF-1b(HLH)/T47D-HIF1b-ChIP-Seq(GSE59937)/Homer,RTACGTGC,1.00E-10,-2.37E+01,0,15783,26.70%,15228.8,25.54%
Tbx20(T-box)/Heart-Tbx20-ChIP-Seq(GSE29636)/Homer,GGTGYTGACAGS,1.00E-10,-2.33E+01,0,4482,7.58%,4117.6,6.90%
"GATA(Zf),IR3/iTreg-Gata3-ChIP-Seq(GSE20898)/Homer",NNNNNBAGATAWYATCTVHN,1.00E-10,-2.30E+01,0,3063,5.18%,2756.9,4.62%
"Oct4:Sox17(POU,Homeobox,HMG)/F9-Sox17-ChIP-Seq(GSE44553)/Homer",CCATTGTATGCAAAT,1.00E-09,-2.30E+01,0,2704,4.57%,2414.4,4.05%
MafF(bZIP)/HepG2-MafF-ChIP-Seq(GSE31477)/Homer,HWWGTCAGCAWWTTT,1.00E-09,-2.28E+01,0,5789,9.79%,5389.3,9.04%
Arnt:Ahr(bHLH)/MCF7-Arnt-ChIP-Seq(Lo_et_al.)/Homer,TBGCACGCAA,1.00E-09,-2.26E+01,0,9557,16.17%,9083,15.23%
Sp2(Zf)/HEK293-Sp2.eGFP-ChIP-Seq(Encode)/Homer,YGGCCCCGCCCC,1.00E-09,-2.24E+01,0,25045,42.37%,24509.8,41.10%
CLOCK(bHLH)/Liver-Clock-ChIP-Seq(GSE39860)/Homer,GHCACGTG,1.00E-09,-2.23E+01,0,8723,14.76%,8266.8,13.86%
ZNF143|STAF(Zf)/CUTLL-ZNF143-ChIP-Seq(GSE29600)/Homer,ATTTCCCAGVAKSCY,1.00E-09,-2.13E+01,0,7799,13.19%,7371.9,12.36%
Gata1(Zf)/K562-GATA1-ChIP-Seq(GSE18829)/Homer,SAGATAAGRV,1.00E-09,-2.12E+01,0,11189,18.93%,10711.6,17.96%
"PAX5(Paired,Homeobox)/GM12878-PAX5-ChIP-Seq(GSE32465)/Homer",GCAGCCAAGCRTGACH,1.00E-08,-2.03E+01,0,7213,12.20%,6809.9,11.42%
ZNF165(Zf)/WHIM12-ZNF165-ChIP-Seq(GSE65937)/Homer,AAGGKGRCGCAGGCA,1.00E-08,-2.02E+01,0,3429,5.80%,3130.3,5.25%
E2F6(E2F)/Hela-E2F6-ChIP-Seq(GSE31477)/Homer,GGCGGGAARN,1.00E-08,-2.00E+01,0,7978,13.50%,7564.2,12.68%
Srebp2(bHLH)/HepG2-Srebp2-ChIP-Seq(GSE31477)/Homer,CGGTCACSCCAC,1.00E-08,-1.99E+01,0,2948,4.99%,2671.7,4.48%
"ERE(NR),IR3/MCF7-ERa-ChIP-Seq(Unpublished)/Homer",VAGGTCACNSTGACC,1.00E-08,-1.98E+01,0,5411,9.15%,5054.3,8.48%
EBF(EBF)/proBcell-EBF-ChIP-Seq(GSE21978)/Homer,DGTCCCYRGGGA,1.00E-08,-1.92E+01,0,5981,10.12%,5617.5,9.42%
Zic2(Zf)/ESC-Zic2-ChIP-Seq(SRP197560)/Homer,CHCAGCRGGRGG,1.00E-08,-1.91E+01,0,10569,17.88%,10131.1,16.99%
Prop1(Homeobox)/GHFT1-PROP1.biotin-ChIP-Seq(GSE77302)/Homer,NTAATBNAATTA,1.00E-08,-1.87E+01,0,12691,21.47%,12239.3,20.52%
Srebp1a(bHLH)/HepG2-Srebp1a-ChIP-Seq(GSE31477)/Homer,RTCACSCCAY,1.00E-08,-1.86E+01,0,4491,7.60%,4173.4,7.00%
Atf4(bZIP)/MEF-Atf4-ChIP-Seq(GSE35681)/Homer,MTGATGCAAT,1.00E-07,-1.80E+01,0,5308,8.98%,4975.7,8.34%
ZNF675(Zf)/HEK293-ZNF675.GFP-ChIP-Seq(GSE58341)/Homer,ARGAGGMCAAAATGW,1.00E-07,-1.77E+01,0,3273,5.54%,3003.4,5.04%
Tbx6(T-box)/ESC-Tbx6-ChIP-Seq(GSE93524)/Homer,DAGGTGTBAA,1.00E-07,-1.75E+01,0,21172,35.82%,20721.2,34.75%
Ptf1a(bHLH)/Panc1-Ptf1a-ChIP-Seq(GSE47459)/Homer,ACAGCTGTTN,1.00E-07,-1.74E+01,0,40521,68.55%,40257.6,67.51%
Tbx21(T-box)/GM12878-TBX21-ChIP-Seq(Encode)/Homer,AGGTGTGAAA,1.00E-07,-1.72E+01,0,19449,32.90%,19001.5,31.86%
"RAR:RXR(NR),DR5/ES-RAR-ChIP-Seq(GSE56893)/Homer",RGGTCADNNAGAGGTCAV,1.00E-07,-1.70E+01,0,777,1.31%,643.8,1.08%
"NFAT:AP1(RHD,bZIP)/Jurkat-NFATC1-ChIP-Seq(Jolma_et_al.)/Homer",SARTGGAAAAWRTGAGTCAB,1.00E-07,-1.62E+01,0,4068,6.88%,3788.1,6.35%
"Tbox:Smad(T-box,MAD)/ESCd5-Smad2_3-ChIP-Seq(GSE29422)/Homer",AGGTGHCAGACA,1.00E-06,-1.59E+01,0,3772,6.38%,3504.8,5.88%
ZNF136(Zf)/HEK293-ZNF136.GFP-ChIP-Seq(GSE58341)/Homer,YTKGATAHAGTATTCTWGGTNGGCA,1.00E-06,-1.54E+01,0,1851,3.13%,1659.4,2.78%
T1ISRE(IRF)/ThioMac-Ifnb-Expression/Homer,ACTTTCGTTTCT,1.00E-06,-1.53E+01,0,270,0.46%,197.7,0.33%
bHLHE41(bHLH)/proB-Bhlhe41-ChIP-Seq(GSE93764)/Homer,KCACGTGMCN,1.00E-06,-1.53E+01,0,16467,27.86%,16062.4,26.94%
Phox2a(Homeobox)/Neuron-Phox2a-ChIP-Seq(GSE31456)/Homer,YTAATYNRATTA,1.00E-06,-1.46E+01,0,8220,13.91%,7882,13.22%
HEB(bHLH)/mES-Heb-ChIP-Seq(GSE53233)/Homer,VCAGCTGBNN,1.00E-05,-1.38E+01,0,33297,56.33%,33013.1,55.36%
ZNF264(Zf)/HEK293-ZNF264.GFP-ChIP-Seq(GSE58341)/Homer,RGGGCACTAACY,1.00E-05,-1.36E+01,0,12134,20.53%,11779.7,19.75%
c-Myc(bHLH)/LNCAP-cMyc-ChIP-Seq(Unpublished)/Homer,VCCACGTG,1.00E-05,-1.32E+01,0,6438,10.89%,6147.7,10.31%
ZNF528(Zf)/HEK293-ZNF528.GFP-ChIP-Seq(GSE58341)/Homer,AGAAATGACTTCCCT,1.00E-05,-1.31E+01,0,174,0.29%,121.1,0.20%
EBNA1(EBV-virus)/Raji-EBNA1-ChIP-Seq(GSE30709)/Homer,GGYAGCAYDTGCTDCCCNNN,1.00E-05,-1.28E+01,0,368,0.62%,290.7,0.49%
ZNF692(Zf)/HEK293-ZNF692.GFP-ChIP-Seq(GSE58341)/Homer,GTGGGCCCCA,1.00E-05,-1.28E+01,0,3844,6.50%,3609,6.05%
"GATA(Zf),IR4/iTreg-Gata3-ChIP-Seq(GSE20898)/Homer",NAGATWNBNATCTNN,1.00E-05,-1.25E+01,0,1682,2.85%,1520.2,2.55%
Hoxb4(Homeobox)/ES-Hoxb4-ChIP-Seq(GSE34014)/Homer,TGATTRATGGCY,1.00E-05,-1.21E+01,0,3772,6.38%,3547.3,5.95%
CEBP:CEBP(bZIP)/MEF-Chop-ChIP-Seq(GSE35681)/Homer,NTNATGCAAYMNNHTGMAAY,1.00E-05,-1.15E+01,0,2957,5.00%,2760.9,4.63%
HIF-1a(bHLH)/MCF7-HIF1a-ChIP-Seq(GSE28352)/Homer,TACGTGCV,1.00E-04,-1.14E+01,0,3972,6.72%,3752.4,6.29%
Phox2b(Homeobox)/CLBGA-PHOX2B-ChIP-Seq(GSE90683)/Homer,TTAATTNAATTA,1.00E-04,-1.11E+01,0,4319,7.31%,4096.3,6.87%
ZBTB12(Zf)/HEK293-ZBTB12.GFP-ChIP-Seq(GSE58341)/Homer,NGNTCTAGAACCNGV,1.00E-04,-1.10E+01,0,8170,13.82%,7894.7,13.24%
HIF2a(bHLH)/785_O-HIF2a-ChIP-Seq(GSE34871)/Homer,GCACGTACCC,1.00E-04,-1.09E+01,0,5515,9.33%,5273.5,8.84%
"PAX3:FKHR-fusion(Paired,Homeobox)/Rh4-PAX3:FKHR-ChIP-Seq(GSE19063)/Homer",ACCRTGACTAATTNN,1.00E-04,-1.09E+01,0,3686,6.24%,3479,5.83%
ERRg(NR)/Kidney-ESRRG-ChIP-Seq(GSE104905)/Homer,GTGACCTTGRVN,1.00E-04,-1.09E+01,0,16127,27.28%,15822.5,26.53%
Gli2(Zf)/GM2-Gli2-ChIP-Chip(GSE112702)/Homer,YSTGGGTGGTCT,1.00E-04,-1.09E+01,0,6406,10.84%,6153.5,10.32%
Sp5(Zf)/mES-Sp5.Flag-ChIP-Seq(GSE72989)/Homer,RGKGGGCGGAGC,1.00E-04,-1.08E+01,0,16350,27.66%,16046.6,26.91%
Tbet(T-box)/CD8-Tbet-ChIP-Seq(GSE33802)/Homer,AGGTGTGAAM,1.00E-04,-1.02E+01,0,19989,33.82%,19706.2,33.05%
Npas4(bHLH)/Neuron-Npas4-ChIP-Seq(GSE127793)/Homer,NHRTCACGACDN,1.00E-04,-1.02E+01,0,10916,18.47%,10638.9,17.84%
KLF1(Zf)/HUDEP2-KLF1-CutnRun(GSE136251)/Homer,VDGGGYGGGGCY,1.00E-04,-1.02E+01,0.0001,15028,25.42%,14741.1,24.72%
E2A(bHLH)/proBcell-E2A-ChIP-Seq(GSE21978)/Homer,DNRCAGCTGY,1.00E-04,-1.01E+01,0.0001,27453,46.44%,27213.6,45.64%
DMRT1(DM)/Testis-DMRT1-ChIP-Seq(GSE64892)/Homer,TWGHWACAWTGTWDC,1.00E-04,-9.76E+00,0.0001,4145,7.01%,3944.4,6.61%
KLF10(Zf)/HEK293-KLF10.GFP-ChIP-Seq(GSE58341)/Homer,GGGGGTGTGTCC,1.00E-04,-9.73E+00,0.0001,10073,17.04%,9810.9,16.45%
"ETS:E-box(ETS,bHLH)/HPC7-Scl-ChIP-Seq(GSE22178)/Homer",AGGAARCAGCTG,1.00E-04,-9.67E+00,0.0001,2221,3.76%,2066.2,3.46%
Maz(Zf)/HepG2-Maz-ChIP-Seq(GSE31477)/Homer,GGGGGGGG,1.00E-04,-9.24E+00,0.0001,22192,37.54%,21947,36.80%
Pit1(Homeobox)/GCrat-Pit1-ChIP-Seq(GSE58009)/Homer,ATGMATATDC,1.00E-03,-8.66E+00,0.0002,17764,30.05%,17520.6,29.38%
Six4(Homeobox)/MCF7-SIX4-ChIP-Seq(Encode)/Homer,TGWAAYCTGABACCB,1.00E-03,-8.59E+00,0.0002,1043,1.76%,941.9,1.58%
ZBTB18(Zf)/HEK293-ZBTB18.GFP-ChIP-Seq(GSE58341)/Homer,AACATCTGGA,1.00E-03,-8.57E+00,0.0002,10499,17.76%,10261.7,17.21%
CRE(bZIP)/Promoter/Homer,CSGTGACGTCAC,1.00E-03,-8.08E+00,0.0004,3122,5.28%,2965.6,4.97%
PRDM9(Zf)/Testis-DMC1-ChIP-Seq(GSE35498)/Homer,ADGGYAGYAGCATCT,1.00E-03,-7.92E+00,0.0005,8786,14.86%,8571.4,14.37%
EKLF(Zf)/Erythrocyte-Klf1-ChIP-Seq(GSE20478)/Homer,NWGGGTGTGGCY,1.00E-03,-7.75E+00,0.0005,4484,7.59%,4310.5,7.23%
"Reverb(NR),DR2/RAW-Reverba.biotin-ChIP-Seq(GSE45914)/Homer",GTRGGTCASTGGGTCA,1.00E-03,-7.60E+00,0.0006,3124,5.29%,2974.7,4.99%
DMRT6(DM)/Testis-DMRT6-ChIP-Seq(GSE60440)/Homer,YDGHTACAWTGTADC,1.00E-03,-7.54E+00,0.0007,3227,5.46%,3076.2,5.16%
HOXA1(Homeobox)/mES-Hoxa1-ChIP-Seq(SRP084292)/Homer,TGATKGATGR,1.00E-03,-7.50E+00,0.0007,4845,8.20%,4671.1,7.83%
"NFkB-p50,p52(RHD)/Monocyte-p50-ChIP-Chip(Schreiber_et_al.)/Homer",GGGGGAATCCCC,1.00E-03,-7.42E+00,0.0008,2744,4.64%,2604.9,4.37%
ZKSCAN1(Zf)/HepG2-ZKSCAN1-ChIP-Seq(Encode)/Homer,GCACAYAGTAGGKCY,1.00E-03,-7.39E+00,0.0008,565,0.96%,496.4,0.83%
E2F1(E2F)/Hela-E2F1-ChIP-Seq(GSE22478)/Homer,CWGGCGGGAA,1.00E-03,-7.16E+00,0.001,2675,4.53%,2540.1,4.26%
E2F3(E2F)/MEF-E2F3-ChIP-Seq(GSE71376)/Homer,BTKGGCGGGAAA,1.00E-03,-7.13E+00,0.001,8833,14.94%,8637.5,14.48%
"Pax7(Paired,Homeobox),long/Myoblast-Pax7-ChIP-Seq(GSE25064)/Homer",TAATCHGATTAC,1.00E-03,-7.07E+00,0.0011,514,0.87%,450.8,0.76%
Esrrb(NR)/mES-Esrrb-ChIP-Seq(GSE11431)/Homer,KTGACCTTGA,1.00E-02,-6.55E+00,0.0018,12550,21.23%,12363.9,20.73%
ZNF519(Zf)/HEK293-ZNF519.GFP-ChIP-Seq(GSE58341)/Homer,GAGSCCGAGC,1.00E-02,-6.55E+00,0.0018,3832,6.48%,3688.6,6.19%
"VDR(NR),DR3/GM10855-VDR+vitD-ChIP-Seq(GSE22484)/Homer",ARAGGTCANWGAGTTCANNN,1.00E-02,-6.47E+00,0.0019,4637,7.84%,4485.2,7.52%
HNF1b(Homeobox)/PDAC-HNF1B-ChIP-Seq(GSE64557)/Homer,GTTAATNATTAA,1.00E-02,-6.30E+00,0.0023,3083,5.22%,2954.6,4.95%
E2F7(E2F)/Hela-E2F7-ChIP-Seq(GSE32673)/Homer,VDTTTCCCGCCA,1.00E-02,-6.26E+00,0.0023,1325,2.24%,1234.5,2.07%
ZSCAN22(Zf)/HEK293-ZSCAN22.GFP-ChIP-Seq(GSE58341)/Homer,SMCAGTCWGAKGGAGGAGGC,1.00E-02,-6.15E+00,0.0026,1830,3.10%,1728,2.90%
Mouse_Recombination_Hotspot(Zf)/Testis-DMC1-ChIP-Seq(GSE24438)/Homer,ACTYKNATTCGTGNTACTTC,1.00E-02,-5.93E+00,0.0032,1279,2.16%,1193.2,2.00%
ZNF317(Zf)/HEK293-ZNF317.GFP-ChIP-Seq(GSE58341)/Homer,GTCWGCTGTYYCTCT,1.00E-02,-5.88E+00,0.0034,1722,2.91%,1626,2.73%
"TR4(NR),DR1/Hela-TR4-ChIP-Seq(GSE24685)/Homer",GAGGTCAAAGGTCA,1.00E-02,-5.78E+00,0.0037,2378,4.02%,2269.6,3.81%
"PAX5(Paired,Homeobox),condensed/GM12878-PAX5-ChIP-Seq(GSE32465)/Homer",GTCACGCTCSCTGM,1.00E-02,-5.75E+00,0.0038,1888,3.19%,1789.4,3.00%
PRDM14(Zf)/H1-PRDM14-ChIP-Seq(GSE22767)/Homer,RGGTCTCTAACY,1.00E-02,-5.75E+00,0.0038,6093,10.31%,5945,9.97%
Hnf1(Homeobox)/Liver-Foxa2-Chip-Seq(GSE25694)/Homer,GGTTAAWCATTAA,1.00E-02,-5.57E+00,0.0046,2904,4.91%,2790.6,4.68%
"GATA3(Zf),DR8/iTreg-Gata3-ChIP-Seq(GSE20898)/Homer",AGATSTNDNNDSAGATAASN,1.00E-02,-5.52E+00,0.0048,1416,2.40%,1331.9,2.23%
Klf4(Zf)/mES-Klf4-ChIP-Seq(GSE11431)/Homer,GCCACACCCA,1.00E-02,-5.34E+00,0.0057,6975,11.80%,6833.7,11.46%
"OCT4-SOX2-TCF-NANOG(POU,Homeobox,HMG)/mES-Oct4-ChIP-Seq(GSE11431)/Homer",ATTTGCATAACAATG,1.00E-02,-5.12E+00,0.0072,3695,6.25%,3580.1,6.00%
"FOXA1:AR(Forkhead,NR)/LNCAP-AR-ChIP-Seq(GSE27824)/Homer",AGTAAACAAAAAAGAACAND,1.00E-02,-4.94E+00,0.0085,1179,1.99%,1107.7,1.86%
"GATA:SCL(Zf,bHLH)/Ter119-SCL-ChIP-Seq(GSE18720)/Homer",CRGCTGBNGNSNNSAGATAA,1.00E-02,-4.93E+00,0.0086,2291,3.88%,2197.1,3.68%
"OCT:OCT-short(POU,Homeobox)/NPC-OCT6-ChIP-Seq(GSE43916)/Homer",ATGCATWATGCATRW,1.00E-02,-4.90E+00,0.0088,13392,22.66%,13261.1,22.24%
Nur77(NR)/K562-NR4A1-ChIP-Seq(GSE31363)/Homer,TGACCTTTNCNT,1.00E-01,-4.54E+00,0.0126,3711,6.28%,3608.9,6.05%
Twist(bHLH)/HMLE-TWIST1-ChIP-Seq(Chang_et_al)/Homer,VCAKCTGGNNNCCAGMTGBN,1.00E-01,-4.51E+00,0.0129,3035,5.13%,2939.3,4.93%
"Oct6(POU,Homeobox)/NPC-Pou3f1-ChIP-Seq(GSE35496)/Homer",WATGCAAATGAG,1.00E-01,-4.51E+00,0.013,7673,12.98%,7553.6,12.67%
Pit1+1bp(Homeobox)/GCrat-Pit1-ChIP-Seq(GSE58009)/Homer,ATGCATAATTCA,1.00E-01,-4.38E+00,0.0147,7081,11.98%,6966,11.68%
Zfp57(Zf)/H1-ZFP57.HA-ChIP-Seq(GSE115387)/Homer,NANTGCSGCA,1.00E-01,-3.91E+00,0.0234,4308,7.29%,4216.2,7.07%
HOXA2(Homeobox)/mES-Hoxa2-ChIP-Seq(Donaldson_et_al.)/Homer,GYCATCMATCAT,1.00E-01,-3.83E+00,0.0253,1852,3.13%,1783.6,2.99%
"GATA3(Zf),DR4/iTreg-Gata3-ChIP-Seq(GSE20898)/Homer",AGATGKDGAGATAAG,1.00E-01,-3.71E+00,0.0284,1577,2.67%,1515,2.54%
LRF(Zf)/Erythroblasts-ZBTB7A-ChIP-Seq(GSE74977)/Homer,AAGACCCYYN,1.00E-01,-3.61E+00,0.0314,26134,44.21%,26130.7,43.82%
TFE3(bHLH)/MEF-TFE3-ChIP-Seq(GSE75757)/Homer,GTCACGTGACYV,1.00E-01,-3.35E+00,0.0405,1014,1.72%,966.5,1.62%
DUX(Homeobox)/C2C12-Dux-ChIP-Seq(GSE87279)/Homer,BCWGATTCAATCAAN,1.00E-01,-3.30E+00,0.0425,73,0.12%,59.5,0.10%
"RAR:RXR(NR),DR0/ES-RAR-ChIP-Seq(GSE56893)/Homer",AGGTCAAGGTCA,1.00E-01,-3.18E+00,0.048,2402,4.06%,2340.8,3.93%
"LXRE(NR),DR4/RAW-LXRb.biotin-ChIP-Seq(GSE21512)/Homer",RGGTTACTANAGGTCA,1.00E-01,-3.00E+00,0.0573,962,1.63%,920.9,1.54%
Duxbl(Homeobox)/NIH3T3-Duxbl.HA-ChIP-Seq(GSE119782)/Homer,TAAYCYAATCAA,1.00E-01,-2.72E+00,0.0756,1277,2.16%,1235.9,2.07%
"Brn1(POU,Homeobox)/NPC-Brn1-ChIP-Seq(GSE35496)/Homer",TATGCWAATBAV,1.00E-01,-2.36E+00,0.1078,5399,9.13%,5354.8,8.98%
bHLHE40(bHLH)/HepG2-BHLHE40-ChIP-Seq(GSE31477)/Homer,KCACGTGMCN,1.00E+00,-2.21E+00,0.1252,4393,7.43%,4353.9,7.30%
ZNF768(Zf)/Rajj-ZNF768-ChIP-Seq(GSE111879)/Homer,RHHCAGAGAGGB,1.00E+00,-2.20E+00,0.1259,850,1.44%,822.8,1.38%
"PAX6(Paired,Homeobox)/Forebrain-Pax6-ChIP-Seq(GSE66961)/Homer",NGTGTTCAVTSAAGCGKAAA,1.00E+00,-2.06E+00,0.1446,1593,2.69%,1562.9,2.62%
Ascl2(bHLH)/ESC-Ascl2-ChIP-Seq(GSE97712)/Homer,SSRGCAGCTGCH,1.00E+00,-2.05E+00,0.1453,21772,36.83%,21830.8,36.61%
GLI3(Zf)/Limb-GLI3-ChIP-Chip(GSE11077)/Homer,CGTGGGTGGTCC,1.00E+00,-2.04E+00,0.1463,2873,4.86%,2839.2,4.76%
Cux2(Homeobox)/Liver-Cux2-ChIP-Seq(GSE35985)/Homer,HNRAATCAAT,1.00E+00,-1.92E+00,0.1643,7939,13.43%,7921.6,13.28%
E2F4(E2F)/K562-E2F4-ChIP-Seq(GSE31477)/Homer,GGCGGGAAAH,1.00E+00,-1.91E+00,0.1659,5079,8.59%,5052.9,8.47%
Hnf6b(Homeobox)/LNCaP-Hnf6b-ChIP-Seq(GSE106305)/Homer,TATTGAYY,1.00E+00,-1.74E+00,0.1967,15465,26.16%,15501.2,25.99%
CTCF-SatelliteElement(Zf?)/CD4+-CTCF-ChIP-Seq(Barski_et_al.)/Homer,TGCAGTTCCMVNWRTGGCCA,1.00E+00,-1.61E+00,0.2223,291,0.49%,279.3,0.47%
"Pax7(Paired,Homeobox)/Myoblast-Pax7-ChIP-Seq(GSE25064)/Homer",TAATCAATTA,1.00E+00,-1.55E+00,0.2352,1939,3.28%,1921.9,3.22%
"Pax7(Paired,Homeobox),longest/Myoblast-Pax7-ChIP-Seq(GSE25064)/Homer",NTAATTDGCYAATTANNWWD,1.00E+00,-1.54E+00,0.2379,565,0.96%,551.3,0.92%
ZNF382(Zf)/HEK293-ZNF382.GFP-ChIP-Seq(GSE58341)/Homer,GNCTGTASTRNTGBCTCHTT,1.00E+00,-1.40E+00,0.2734,484,0.82%,473.9,0.79%
ZNF415(Zf)/HEK293-ZNF415.GFP-ChIP-Seq(GSE58341)/Homer,GRTGMTRGAGCC,1.00E+00,-1.35E+00,0.2849,10557,17.86%,10589.7,17.76%
E2F(E2F)/Hela-CellCycle-Expression/Homer,TTSGCGCGAAAA,1.00E+00,-1.21E+00,0.3267,576,0.97%,568.9,0.95%
E-box(bHLH)/Promoter/Homer,SSGGTCACGTGA,1.00E+00,-1.07E+00,0.3781,1040,1.76%,1036.1,1.74%
CUX1(Homeobox)/K562-CUX1-ChIP-Seq(GSE92882)/Homer,TATCGATNAN,1.00E+00,-1.02E+00,0.3936,11854,20.05%,11923.5,19.99%
KLF3(Zf)/MEF-Klf3-ChIP-Seq(GSE44748)/Homer,NRGCCCCRCCCHBNN,1.00E+00,-9.69E-01,0.4143,7793,13.18%,7836.2,13.14%
"Brn2(POU,Homeobox)/NPC-Brn2-ChIP-Seq(GSE35496)/Homer",ATGAATATTC,1.00E+00,-9.68E-01,0.4143,1856,3.14%,1859.3,3.12%
Zfp281(Zf)/ES-Zfp281-ChIP-Seq(GSE81042)/Homer,CCCCTCCCCCAC,1.00E+00,-9.26E-01,0.4303,3601,6.09%,3617.3,6.07%
PBX1(Homeobox)/MCF7-PBX1-ChIP-Seq(GSE28007)/Homer,GSCTGTCACTCA,1.00E+00,-9.13E-01,0.4351,1447,2.45%,1450.1,2.43%
Pknox1(Homeobox)/ES-Prep1-ChIP-Seq(GSE63282)/Homer,SCTGTCAVTCAV,1.00E+00,-8.25E-01,0.4739,4333,7.33%,4361.5,7.31%
DUX4(Homeobox)/Myoblasts-DUX4.V5-ChIP-Seq(GSE75791)/Homer,NWTAAYCYAATCAWN,1.00E+00,-6.78E-01,0.5474,771,1.30%,778.4,1.31%
HNF6(Homeobox)/Liver-Hnf6-ChIP-Seq(ERP000394)/Homer,NTATYGATCH,1.00E+00,-6.26E-01,0.575,9576,16.20%,9668.5,16.21%
ZNF669(Zf)/HEK293-ZNF669.GFP-ChIP-Seq(GSE58341)/Homer,GARTGGTCATCGCCC,1.00E+00,-5.17E-01,0.6403,1304,2.21%,1324.4,2.22%
"Oct4(POU,Homeobox)/mES-Oct4-ChIP-Seq(GSE11431)/Homer",ATTTGCATAW,1.00E+00,-4.44E-01,0.6868,8316,14.07%,8420.5,14.12%
ZFP3(Zf)/HEK293-ZFP3.GFP-ChIP-Seq(GSE58341)/Homer,GGGTTTTGAAGGATGARTAGGAGTT,1.00E+00,-4.17E-01,0.704,48,0.08%,51,0.09%
ZNF41(Zf)/HEK293-ZNF41.GFP-ChIP-Seq(GSE58341)/Homer,CCTCATGGTGYCYTWYTCCCTTGTG,1.00E+00,-3.55E-01,0.747,499,0.84%,515.9,0.87%
RARg(NR)/ES-RARg-ChIP-Seq(GSE30538)/Homer,AGGTCAAGGTCA,1.00E+00,-3.44E-01,0.7532,622,1.05%,641.7,1.08%
"OCT:OCT(POU,Homeobox,IR1)/NPC-Brn2-ChIP-Seq(GSE35496)/Homer",ATGAATWATTCATGA,1.00E+00,-3.41E-01,0.7543,295,0.50%,307.3,0.52%
NFY(CCAAT)/Promoter/Homer,RGCCAATSRG,1.00E+00,-1.80E-01,0.8838,12932,21.88%,13145.2,22.04%
ZNF16(Zf)/HEK293-ZNF16.GFP-ChIP-Seq(GSE58341)/Homer,MACCTTCYATGGCTCCCTAKTGCCY,1.00E+00,-1.59E-01,0.9,276,0.47%,296.9,0.50%
"Oct2(POU,Homeobox)/Bcell-Oct2-ChIP-Seq(GSE21512)/Homer",ATATGCAAAT,1.00E+00,-1.11E-01,0.9424,5373,9.09%,5509.8,9.24%
Pbx3(Homeobox)/GM12878-PBX3-ChIP-Seq(GSE32465)/Homer,SCTGTCAMTCAN,1.00E+00,-9.45E-02,0.9554,4386,7.42%,4511.4,7.57%
GFY(?)/Promoter/Homer,ACTACAATTCCC,1.00E+00,-4.37E-02,1,1033,1.75%,1099,1.84%
"Oct11(POU,Homeobox)/NCIH1048-POU2F3-ChIP-seq(GSE115123)/Homer",GATTTGCATA,1.00E+00,-2.71E-02,1,5660,9.58%,5850.9,9.81%
Klf9(Zf)/GBM-Klf9-ChIP-Seq(GSE62211)/Homer,GCCACRCCCACY,1.00E+00,-2.40E-02,1,6022,10.19%,6223.7,10.44%
ZEB2(Zf)/SNU398-ZEB2-ChIP-Seq(GSE103048)/Homer,GNMCAGGTGTGC,1.00E+00,-5.96E-03,1,19773,33.45%,20239.8,33.94%
"E2A(bHLH),near_PU.1/Bcell-PU.1-ChIP-Seq(GSE21512)/Homer",NVCACCTGBN,1.00E+00,-7.03E-04,1,27063,45.78%,27692.6,46.44%
"OCT:OCT(POU,Homeobox)/NPC-Brn1-ChIP-Seq(GSE35496)/Homer",ATGAATATTCATGAG,1.00E+00,-2.00E-04,1,114,0.19%,157.2,0.26%
SCRT1(Zf)/HEK293-SCRT1.eGFP-ChIP-Seq(Encode)/Homer,GCAACAGGTG,1.00E+00,-1.65E-04,1,5650,9.56%,5962.8,10.00%
"OCT:OCT(POU,Homeobox)/NPC-OCT6-ChIP-Seq(GSE43916)/Homer",YATGCATATRCATRT,1.00E+00,-1.17E-04,1,1407,2.38%,1561.5,2.62%
NRF(NRF)/Promoter/Homer,STGCGCATGCGC,1.00E+00,-6.20E-05,1,1268,2.15%,1420.2,2.38%
ZEB1(Zf)/PDAC-ZEB1-ChIP-Seq(GSE64557)/Homer,VCAGGTRDRY,1.00E+00,-3.50E-05,1,30879,52.24%,31638.5,53.06%
Sp1(Zf)/Promoter/Homer,GGCCCCGCCCCC,1.00E+00,-3.40E-05,1,2580,4.36%,2807.9,4.71%
GFX(?)/Promoter/Homer,ATTCTCGCGAGA,1.00E+00,-2.00E-05,1,43,0.07%,76.1,0.13%
"GFY-Staf(?,Zf)/Promoter/Homer",RACTACAATTCCCAGAAKGC,1.00E+00,-2.00E-06,1,468,0.79%,578.4,0.97%
ZBTB33(Zf)/GM12878-ZBTB33-ChIP-Seq(GSE32465)/Homer,GGVTCTCGCGAGAAC,1.00E+00,0.00E+00,1,205,0.35%,289.8,0.49%
YY1(Zf)/Promoter/Homer,CAAGATGGCGGC,1.00E+00,0.00E+00,1,720,1.22%,886.8,1.49%
HINFP(Zf)/K562-HINFP.eGFP-ChIP-Seq(Encode)/Homer,TWVGGTCCGC,1.00E+00,0.00E+00,1,2651,4.48%,3004.4,5.04%
NRF1(NRF)/MCF7-NRF1-ChIP-Seq(Unpublished)/Homer,CTGCGCATGCGC,1.00E+00,0.00E+00,1,614,1.04%,801.4,1.34%
Snail1(Zf)/LS174T-SNAIL1.HA-ChIP-Seq(GSE127183)/Homer,TRCACCTGCY,1.00E+00,0.00E+00,1,16843,28.49%,17802.7,29.85%
Slug(Zf)/Mesoderm-Snai2-ChIP-Seq(GSE61475)/Homer,SNGCACCTGCHS,1.00E+00,0.00E+00,1,11617,19.65%,12487.5,20.94%
REST-NRSF(Zf)/Jurkat-NRSF-ChIP-Seq/Homer,GGMGCTGTCCATGGTGCTGA,1.00E+00,0.00E+00,1,79,0.13%,175.2,0.29%
Ronin(THAP)/ES-Thap11-ChIP-Seq(GSE51522)/Homer,RACTACAACTCCCAGVAKGC,1.00E+00,0.00E+00,1,140,0.24%,265.8,0.45%
